{
	"credit": "Made with Blockbench",
	"ambientocclusion": false,
	"texture_size": [64, 64],
	"textures": {
		"3": "blocks/planks_oak_flat",
		"5": "blocks/body",
		"6": "blocks/bed_head_end",
		"side": "blocks/bed_head_side",
		"particle": "blocks/bed_head_top"
	},
	"elements": [
		{
			"from": [16, 5, 20],
			"to": [32, 7, 25],
			"faces": {
				"east": {"uv": [9, 13, 4, 15], "texture": "#side"},
				"west": {"uv": [4, 13, 9, 15], "texture": "#side"}
			}
		},
		{
			"name": "head",
			"from": [5, 9, 2],
			"to": [11, 15, 8],
			"faces": {
				"north": {"uv": [5.5, 11.5, 10, 16], "texture": "#5"},
				"east": {"uv": [1, 11.5, 5.5, 16], "texture": "#5"},
				"south": {"uv": [11, 11, 16, 16], "texture": "#5"},
				"west": {"uv": [10, 11.5, 14.5, 16], "texture": "#5"},
				"up": {"uv": [3.5, 3, 5, 4], "texture": "#5"},
				"down": {"uv": [5.5, 6, 10, 10.5], "texture": "#5"}
			}
		},
		{
			"name": "head",
			"from": [9.5, 14.8, 4],
			"to": [10.5, 15.8, 5],
			"faces": {
				"north": {"uv": [5.5, 12, 5.75, 12.25], "texture": "#5"},
				"east": {"uv": [0, 3, 0.5, 3.25], "texture": "#5"},
				"south": {"uv": [5.25, 11, 5.5, 11.25], "texture": "#5"},
				"west": {"uv": [5.75, 11, 6.25, 11.25], "texture": "#5"},
				"up": {"uv": [5.75, 12, 5.5, 11.5], "texture": "#5"},
				"down": {"uv": [1, 2.5, 0.75, 3], "texture": "#5", "cullface": "down"}
			}
		},
		{
			"name": "head",
			"from": [5.5, 14.8, 4],
			"to": [6.5, 15.8, 5],
			"faces": {
				"north": {"uv": [2, 3, 2.25, 3.25], "texture": "#5"},
				"east": {"uv": [1.5, 3, 2, 3.25], "texture": "#5"},
				"south": {"uv": [5.75, 11, 6, 11.25], "texture": "#5"},
				"west": {"uv": [5.25, 11, 5.75, 11.25], "texture": "#5"},
				"up": {"uv": [2.25, 3, 2, 2.5], "texture": "#5"},
				"down": {"uv": [2.5, 2.5, 2.25, 3], "texture": "#5", "cullface": "down"}
			}
		},
		{
			"name": "head",
			"from": [11, 11, 4.5],
			"to": [12, 12, 5.5],
			"faces": {
				"north": {"uv": [4, 12, 5, 13], "texture": "#5"},
				"east": {"uv": [4, 12, 5, 13], "texture": "#5"},
				"south": {"uv": [3.75, 12, 5, 12.25], "texture": "#5"},
				"west": {"uv": [2.25, 3, 2.75, 3.25], "texture": "#5"},
				"up": {"uv": [4.25, 13, 3, 12.5], "texture": "#5"},
				"down": {"uv": [2.5, 2.5, 2.25, 3], "texture": "#5", "cullface": "down"}
			}
		},
		{
			"name": "head",
			"from": [7.5, 10, 7.5],
			"to": [8.5, 12, 8.5],
			"faces": {
				"north": {"uv": [4, 12, 5, 13], "texture": "#5"},
				"east": {"uv": [4, 12, 5, 13], "texture": "#5"},
				"south": {"uv": [3.75, 12, 5, 12.25], "texture": "#5"},
				"west": {"uv": [2.25, 3, 2.75, 3.25], "texture": "#5"},
				"up": {"uv": [4.25, 13, 3, 12.5], "texture": "#5"},
				"down": {"uv": [2.5, 2.5, 2.25, 3], "texture": "#5", "cullface": "down"}
			}
		},
		{
			"name": "head",
			"from": [4, 11, 4.5],
			"to": [5, 12, 5.5],
			"faces": {
				"north": {"uv": [4, 12, 5, 13], "texture": "#5"},
				"east": {"uv": [4, 12, 5, 13], "texture": "#5"},
				"south": {"uv": [3.75, 12, 5, 12.25], "texture": "#5"},
				"west": {"uv": [2.25, 3, 2.75, 3.25], "texture": "#5"},
				"up": {"uv": [4.25, 13, 3, 12.5], "texture": "#5"},
				"down": {"uv": [2.5, 2.5, 2.25, 3], "texture": "#5", "cullface": "down"}
			}
		},
		{
			"name": "LEG",
			"from": [5.5, 9, 1],
			"to": [6.5, 10, 2],
			"faces": {
				"north": {"uv": [4, 12, 5, 13], "texture": "#5"},
				"east": {"uv": [4, 12, 5, 13], "texture": "#5"},
				"south": {"uv": [3.75, 12, 5, 12.25], "texture": "#5"},
				"west": {"uv": [2.25, 3, 2.75, 3.25], "texture": "#5"},
				"up": {"uv": [4.25, 13, 3, 12.5], "texture": "#5"},
				"down": {"uv": [2.5, 2.5, 2.25, 3], "texture": "#5", "cullface": "down"}
			}
		},
		{
			"name": "LEG",
			"from": [9.5, 9, 1],
			"to": [10.5, 10, 2],
			"faces": {
				"north": {"uv": [4, 12, 5, 13], "texture": "#5"},
				"east": {"uv": [4, 12, 5, 13], "texture": "#5"},
				"south": {"uv": [3.75, 12, 5, 12.25], "texture": "#5"},
				"west": {"uv": [2.25, 3, 2.75, 3.25], "texture": "#5"},
				"up": {"uv": [4.25, 13, 3, 12.5], "texture": "#5"},
				"down": {"uv": [2.5, 2.5, 2.25, 3], "texture": "#5", "cullface": "down"}
			}
		},
		{
			"from": [0, 3, 0],
			"to": [16, 9, 16],
			"faces": {
				"east": {"uv": [2, 4.75, 6, 6.25], "texture": "#side"},
				"south": {"uv": [0, 0, 0, 0], "texture": "#side"},
				"west": {"uv": [0, 7, 16, 13], "texture": "#side"},
				"up": {"uv": [12, 2, 8, 6], "rotation": 180, "texture": "#side"}
			}
		},
		{
			"from": [0, 3, 0],
			"to": [16, 9, 16],
			"faces": {
				"east": {"uv": [16, 7, 0, 13], "texture": "#side"},
				"south": {"uv": [0, 1.75, 4, 3.25], "texture": "#side"},
				"west": {"uv": [2, 4.75, 6, 6.25], "texture": "#side"},
				"up": {"uv": [12, 2, 8, 6], "texture": "#side"}
			}
		},
		{
			"from": [0, 0, 13],
			"to": [3, 3, 16],
			"faces": {
				"north": {"uv": [0, 13, 3, 16], "texture": "#6"},
				"east": {"uv": [13, 13, 16, 16], "texture": "#6"},
				"south": {"uv": [0, 13, 3, 16], "texture": "#6"},
				"west": {"uv": [13, 13, 16, 16], "texture": "#6"},
				"down": {"uv": [13, 13, 16, 16], "texture": "#6"}
			}
		},
		{
			"from": [13, 0, 13],
			"to": [16, 3, 16],
			"faces": {
				"north": {"uv": [13, 13, 16, 16], "texture": "#6"},
				"east": {"uv": [0, 13, 3, 16], "texture": "#6"},
				"south": {"uv": [13, 13, 16, 16], "texture": "#6"},
				"west": {"uv": [0, 13, 3, 16], "texture": "#6"},
				"down": {"uv": [0, 13, 3, 16], "texture": "#6"}
			}
		},
		{
			"from": [0, 9, 0],
			"to": [16, 9, 16],
			"faces": {
				"north": {"uv": [0, 0, 4, 0], "texture": "#particle"},
				"east": {"uv": [0, 0, 4, 0], "texture": "#particle"},
				"south": {"uv": [0, 0, 4, 0], "texture": "#particle"},
				"west": {"uv": [0, 0, 4, 0], "texture": "#particle"},
				"up": {"uv": [0, 0, 16, 16], "rotation": 90, "texture": "#particle"}
			}
		},
		{
			"from": [2, 9, 9],
			"to": [14, 10, 15],
			"faces": {
				"north": {"uv": [8, 2, 9, 14], "texture": "#particle"},
				"east": {"uv": [8, 2, 15, 3], "texture": "#particle"},
				"south": {"uv": [14, 2, 15, 14], "rotation": 270, "texture": "#particle"},
				"west": {"uv": [8, 13, 15, 14], "texture": "#particle"},
				"up": {"uv": [15, 14, 8, 2], "rotation": 270, "texture": "#particle"}
			}
		},
		{
			"from": [0, 3, 16],
			"to": [16, 9, 16],
			"faces": {
				"north": {"uv": [0, 0, 4, 1.5], "texture": "#6"},
				"east": {"uv": [0, 0, 0, 1.5], "texture": "#6"},
				"south": {"uv": [0, 7, 16, 13], "texture": "#6"},
				"west": {"uv": [0, 0, 0, 1.5], "texture": "#6"},
				"up": {"uv": [0, 0, 4, 0], "texture": "#6"},
				"down": {"uv": [0, 0, 4, 0], "texture": "#6"}
			}
		},
		{
			"from": [0, 3, 0],
			"to": [16, 3, 13],
			"faces": {
				"north": {"uv": [0, 0, 4, 0], "texture": "#3"},
				"east": {"uv": [0, 0, 3.25, 0], "texture": "#3"},
				"south": {"uv": [0, 0, 4, 0], "texture": "#3"},
				"west": {"uv": [0, 0, 3.25, 0], "texture": "#3"},
				"down": {"uv": [0, 2, 14, 15], "texture": "#3"}
			}
		},
		{
			"from": [3, 3, 13],
			"to": [13, 3, 16],
			"faces": {
				"north": {"uv": [0, 0, 2.5, 0], "texture": "#3"},
				"east": {"uv": [0, 0, 0.75, 0], "texture": "#3"},
				"south": {"uv": [0, 0, 2.5, 0], "texture": "#3"},
				"west": {"uv": [0, 0, 0.75, 0], "texture": "#3"},
				"down": {"uv": [3, 3, 13, 6], "texture": "#3"}
			}
		}
	],
	"groups": [
		{
			"name": "bed_head",
			"origin": [8, 8, 8],
			"color": 0,
			"children": [0,
				{
					"name": "head",
					"origin": [0, 0, 0],
					"color": 0,
					"children": []
				}
			]
		},
		{
			"name": "head",
			"origin": [0, 9, -9],
			"color": 0,
			"children": [1, 2, 3, 4, 5, 6]
		}, 7, 8, 9, 10, 11, 12, 13, 14, 15, 16, 17]
}